E,1
E,2
E,3
E,4
E,5
E,6
E,7
E,8
E,9
E,1,0
E,1,1
E,1,2
E,1,3
E,1,4
E,1,5
E,1,6
E,1,7
E,1,8
E,1,9
E,2,0
E,2,1
E,2,2
E,2,3
E,2,4
E,2,5
E,2,6
E,2,7
E,2,8
E,2,9
E,3,0
E,3,1
E,3,2
E,3,3
E,3,4
E,3,5
E,3,6
E,3,7
E,3,8
E,3,9
E,4,0
E,4,1
E,4,2
E,4,3
E,4,4
E,4,5
E,4,6
E,4,7
E,4,8
E,4,9
E,5,0
E,5,1
E,5,2
E,5,3
E,5,4
E,5,5
E,5,6
E,5,7
E,5,8
E,5,9
E,6,0
E,6,1
E,6,2
E,6,3
E,6,4
E,6,5
E,6,6
E,6,7
E,6,8
E,6,9
E,7,0
E,7,1
E,7,2
E,7,3
E,7,4
E,7,5
E,7,6
E,7,7
E,7,8
E,7,9
E,8,0
E,8,1
E,8,2
E,8,3
E,8,4
E,8,5
E,8,6
E,8,7
E,8,8
E,8,9
E,9,0
E,9,1
E,9,2
E,9,3
E,9,4
E,9,5
E,9,6
E,9,7
E,9,8
E,9,9
E,1,0,0
E,1,0,1
E,1,0,2
E,1,0,3
E,1,0,4
E,1,0,5
E,1,0,6
E,1,0,7
E,1,0,8
E,1,0,9
E,1,1,0
E,1,1,1
E,1,1,2
E,1,1,3
E,1,1,4
E,1,1,5
E,1,1,6
E,1,1,7
E,1,1,8
E,1,1,9
E,1,2,0
E,1,2,1
E,1,2,2
E,1,2,3
E,1,2,4
E,1,2,5
E,1,2,6
E,1,2,7